<?xml version="1.0" encoding="UTF-8"?>
<suppressions xmlns="https://jeremylong.github.io/DependencyCheck/dependency-suppression.1.3.xsd">
  <suppress>
    <notes><![CDATA[file name: spring-cloud-starter-kubernetes-config-0.3.0.RELEASE.jar]]></notes>
    <sha1>ad3c3fc4c1ff008bdc134665233a6a77b45fa1b3</sha1>
    <cpe>cpe:/a:kubernetes:kubernetes</cpe>
  </suppress>
  <suppress>
    <notes><![CDATA[file name: spring-cloud-kubernetes-config-0.3.0.RELEASE.jar]]></notes>
    <sha1>2592f66be39e4c76a6424e327cfc72d95a170bec</sha1>
    <cpe>cpe:/a:kubernetes:kubernetes</cpe>
  </suppress>
  <suppress>
    <notes><![CDATA[file name: spring-cloud-kubernetes-core-0.3.0.RELEASE.jar]]></notes>
    <sha1>270b6fee0badf0aa69e6aa86a6ae7a5d21d07044</sha1>
    <cpe>cpe:/a:kubernetes:kubernetes</cpe>
  </suppress>
  <suppress>
    <notes><![CDATA[file name: kubernetes-client-3.1.10.jar]]></notes>
    <sha1>1246e6f102b51b4f6cd48bcfe70acdddfe5138ba</sha1>
    <cpe>cpe:/a:kubernetes:kubernetes</cpe>
  </suppress>
  <suppress>
    <notes><![CDATA[file name: groovy-xml-2.4.12.jar]]></notes>
    <sha1>b5c023bbbc8a4bbf9c0b38d731fe31d53f00c64a</sha1>
    <cve>CVE-2016-6497</cve>
  </suppress>
  <suppress>
    <notes><![CDATA[file name: groovy-json-2.4.12.jar]]></notes>
    <sha1>810b46f2b359b904c4c7428ad4c03c09094a01ff</sha1>
    <cve>CVE-2016-6497</cve>
  </suppress>
  <suppress>
    <notes>
      <![CDATA[file name: jaeger-thrift-0.30.4.jar (shaded: com.squareup.okhttp3:okhttp:3.9.0)]]></notes>
    <sha1>f6a6458580e2c0160b98664aba4e61b91df70bfa</sha1>
    <cve>CVE-2018-20200</cve>
  </suppress>
  <suppress>
    <notes><![CDATA[file name: spring-security-oauth2-2.3.5.RELEASE.jar]]></notes>
    <sha1>7969f5363398d6d3788bef1740b2ab9509043d51</sha1>
    <vulnerabilityName>CVE-2019-11269</vulnerabilityName>
  </suppress>
  <suppress>
    <notes><![CDATA[file name: spring-security-config-5.1.6.RELEASE.jar]]></notes>
    <sha1>11b96e5836074db01920e5452996b2ad2cd3d772</sha1>
    <cve>CVE-2018-1258</cve>
  </suppress>
  <suppress>
    <notes><![CDATA[file name: spring-security-web-5.1.6.RELEASE.jar]]></notes>
    <sha1>e3b159e84467cccddce815d30a9ccdc8d8b843c9</sha1>
    <cve>CVE-2018-1258</cve>
  </suppress>
  <suppress>
    <notes><![CDATA[file name: spring-security-core-5.1.6.RELEASE.jar]]></notes>
    <sha1>86af52bc544976358b66b4617d6edd81824940bd</sha1>
    <cve>CVE-2018-1258</cve>
  </suppress>
  <suppress>
    <notes><![CDATA[file name: spring-security-crypto-5.1.6.RELEASE.jar]]></notes>
    <sha1>85384e326c4e3e420784ef18a6ee0ce6aea4faf6</sha1>
    <cve>CVE-2018-1258</cve>
  </suppress>

  <suppress>
    <notes><![CDATA[
   file name: liquibase-core-3.6.3.jar: bootstrap.js
   ]]></notes>
    <packageUrl regex="true">^pkg:javascript/bootstrap@.*$</packageUrl>
    <cve>CVE-2018-14040</cve>
  </suppress>
  <suppress>
    <notes><![CDATA[
   file name: liquibase-core-3.6.3.jar: bootstrap.js
   ]]></notes>
    <packageUrl regex="true">^pkg:javascript/bootstrap@.*$</packageUrl>
    <cve>CVE-2018-14041</cve>
  </suppress>
  <suppress>
    <notes><![CDATA[file name: liquibase-core-3.6.3.jar: bootstrap.js]]></notes>
    <packageUrl regex="true">^pkg:javascript/bootstrap@.*$</packageUrl>
    <cve>CVE-2018-14042</cve>
  </suppress>
  <suppress>
    <notes><![CDATA[file name: liquibase-core-3.6.3.jar: bootstrap.js]]></notes>
    <packageUrl regex="true">^pkg:javascript/bootstrap@.*$</packageUrl>
    <cve>CVE-2019-8331</cve>
  </suppress>
  <suppress>
    <notes><![CDATA[file name: liquibase-core-3.6.3.jar: jquery-1.11.0.min.js]]></notes>
    <sha1>2439711705752fac5dd1a6a8d6b1be63ffcbc76d</sha1>
    <cve>CVE-2015-9251</cve>
  </suppress>
  <suppress>
    <notes><![CDATA[file name: liquibase-core-3.6.3.jar: jquery-1.11.0.min.js]]></notes>
    <sha1>2439711705752fac5dd1a6a8d6b1be63ffcbc76d</sha1>
    <cve>CVE-2019-11358</cve>
  </suppress>
  <suppress>
    <notes><![CDATA[
   file name: jackson-mapper-asl-1.9.13.jar
   ]]></notes>
    <sha1>1ee2f2bed0e5dd29d1cb155a166e6f8d50bbddb7</sha1>
    <cpe>cpe:/a:fasterxml:jackson</cpe>
  </suppress>
  <suppress>
    <notes><![CDATA[
   file name: jackson-mapper-asl-1.9.13.jar
   ]]></notes>
    <sha1>1ee2f2bed0e5dd29d1cb155a166e6f8d50bbddb7</sha1>
    <vulnerabilityName>CVE-2017-15095</vulnerabilityName>
  </suppress>
  <suppress>
    <notes><![CDATA[
   file name: jackson-mapper-asl-1.9.13.jar
   ]]></notes>
    <sha1>1ee2f2bed0e5dd29d1cb155a166e6f8d50bbddb7</sha1>
    <vulnerabilityName>CVE-2017-17485</vulnerabilityName>
  </suppress>
  <suppress>
    <notes><![CDATA[
   file name: jackson-mapper-asl-1.9.13.jar
   ]]></notes>
    <sha1>1ee2f2bed0e5dd29d1cb155a166e6f8d50bbddb7</sha1>
    <vulnerabilityName>CVE-2017-7525</vulnerabilityName>
  </suppress>
  <suppress>
    <notes><![CDATA[
   file name: jackson-mapper-asl-1.9.13.jar
   ]]></notes>
    <sha1>1ee2f2bed0e5dd29d1cb155a166e6f8d50bbddb7</sha1>
    <vulnerabilityName>CVE-2018-1000873</vulnerabilityName>
  </suppress>
  <suppress>
    <notes><![CDATA[
   file name: jackson-mapper-asl-1.9.13.jar
   ]]></notes>
    <sha1>1ee2f2bed0e5dd29d1cb155a166e6f8d50bbddb7</sha1>
    <vulnerabilityName>CVE-2018-14718</vulnerabilityName>
  </suppress>
  <suppress>
    <notes><![CDATA[
   file name: jackson-mapper-asl-1.9.13.jar
   ]]></notes>
    <sha1>1ee2f2bed0e5dd29d1cb155a166e6f8d50bbddb7</sha1>
    <vulnerabilityName>CVE-2018-5968</vulnerabilityName>
  </suppress>
  <suppress>
    <notes><![CDATA[
   file name: jackson-mapper-asl-1.9.13.jar
   ]]></notes>
    <sha1>1ee2f2bed0e5dd29d1cb155a166e6f8d50bbddb7</sha1>
    <vulnerabilityName>CVE-2018-7489</vulnerabilityName>
  </suppress>
  <suppress>
    <notes><![CDATA[
   file name: jackson-mapper-asl-1.9.13.jar
   ]]></notes>
    <sha1>1ee2f2bed0e5dd29d1cb155a166e6f8d50bbddb7</sha1>
    <vulnerabilityName>CVE-2019-14540</vulnerabilityName>
  </suppress>
  <suppress>
    <notes><![CDATA[
   file name: jackson-mapper-asl-1.9.13.jar
   ]]></notes>
    <sha1>1ee2f2bed0e5dd29d1cb155a166e6f8d50bbddb7</sha1>
    <vulnerabilityName>CVE-2019-16335</vulnerabilityName>
  </suppress>
  <suppress>
    <notes><![CDATA[
   file name: jackson-mapper-asl-1.9.13.jar
   ]]></notes>
    <sha1>1ee2f2bed0e5dd29d1cb155a166e6f8d50bbddb7</sha1>
    <vulnerabilityName>CVE-2019-17267</vulnerabilityName>
  </suppress>
  <suppress>
    <notes><![CDATA[file name: netty-handler-4.1.45.Final.jar]]></notes>
    <sha1>51071ba9977cce64e3a58e6f2f6326bbb7e5bc7f</sha1>
    <cve>CVE-2020-11612</cve>
  </suppress>
  <suppress>
    <notes><![CDATA[file name: netty-codec-4.1.45.Final.jar]]></notes>
    <sha1>8c768728a3e82c3cef62a7a2c8f52ae8d777bac9</sha1>
    <cve>CVE-2020-11612</cve>
  </suppress>
  <suppress>
    <notes><![CDATA[file name: netty-transport-4.1.45.Final.jar]]></notes>
    <sha1>b7d8f2645e330bd66cd4f28f155eba605e0c8758</sha1>
    <cve>CVE-2020-11612</cve>
  </suppress>
  <suppress>
    <notes><![CDATA[
   file name: netty-buffer-4.1.45.Final.jar
   ]]></notes>
    <sha1>0bac54338074540c4f3241a3d92358fad5df89ba</sha1>
    <cve>CVE-2020-11612</cve>
  </suppress>
  <suppress>
    <notes><![CDATA[
   file name: netty-resolver-4.1.45.Final.jar
   ]]></notes>
    <sha1>9e77bdc045d33a570dabf9d53192ea954bb195d7</sha1>
    <cve>CVE-2020-11612</cve>
  </suppress>
  <suppress>
    <notes><![CDATA[
   file name: netty-common-4.1.45.Final.jar
   ]]></notes>
    <sha1>5cf5e448d44ddf53d00f2fc4047c2a7aceaa7087</sha1>
    <cve>CVE-2020-11612</cve>
  </suppress>
</suppressions>
