QUOTE_SOURCE,QUOTE_NUMBER,ISO_UOM
PN,TEXASINTWAHA_MOAB,MBT
PN,TEXASINTWAHACF,MBT
PN,CARTHAGEHUBCF,MBT
PN,TEXASEASTETX_MOAB,MBT
PN,TEXASEASTETXCF,MBT
PN,KATYPLANTTG_MOAB,MBT
PN,KATYPLANTTGCF,MBT
PN,AGUADHUBCF,MBT
PN,FLORIDAGASZ1_MOAB,MBT
PN,FLORIDAGASZ1CF,MBT
PN,NGPLSTX_MOAB,MBT
PN,NGPLSTXCF,MBT
PN,TENNESSEEZ0_MOAB,MBT
PN,TEXASEASTSTX,MBT
PN,TEXASEASTSTX_MOAB,MBT
PN,TEXASEASTSTXCF,MBT
PN,TRANSCOZ1_MOAB,MBT
PN,TRANSCOZ1CF,MBT
PN,ANRLOUISIANA_MOAB,MBT
PN,ANRLOUISIANACF,MBT
PN,COLUMBIAGULF_MOAB,MBT
PN,COLUMBIAGULFCF,MBT
PN,FLORIDAGASZ2_MOAB,MBT
PN,FLORIDAGASZ2CF,MBT
PN,SOUTHNATURAL_MOAB,MBT
PN,SOUTHNATURALCF,MBT
PN,TENNESSEE500L_MOAB,MBT
PN,TENNESSEE500LECF,MBT
PN,TENNESSEE800L_MOAB,MBT
PN,TENNESSEE800LECF,MBT
PN,TEXASEASTWLA_MOAB,MBT
PN,TEXASEASTWLACF,MBT
PN,TEXASGASSL_MOAB,MBT
PN,TEXASGASSLCF,MBT
PN,TRANSCOZ2_MOAB,MBT
PN,TRANSCOZ2CF,MBT
PN,TRANSCOZ3_MOAB,MBT
PN,TRANSCOZ3CF,MBT
PN,TRNKLNEWLACF,MBT
PN,TRNKLNEELACF,MBT
PN,NGPLMIDCONT_MOAB,MBT
PN,NGPLMIDCONTCF,MBT
PN,CIGNSYSTEM_MOAB,MBT
PN,CIGNSYSTEMCF,MBT
PN,TEXASEASTM1KO_MOAB,MBT
PN,TEXASEASTM1KOSICF,MBT
PN,FLORIDACGCF,MBT
PN,TRNKLNELOUI_MOAB,MBT
PN,TRUCKLNZN1A_MOAB,MBT
PN,TRUCKLNZN1ACF,MBT
PN,TENNESSEEZ1CF,MBT
PN,TEXASEASTZM2_MOAB,MBT
PN,TEXASEASTZM2CF,MBT
PN,PINEPRAIRIE_MOAB,MBT
PN,PINEPRAIRIECF,MBT
PN,NANATL_MOCO,MBT
PN,ELPASOPERMIAN_MOAB,MBT
PN,ELPASOPERMIANCF,MBT
PN,TRANSWPERMIAN_MOAB,MBT
PN,TRANSWPERMIANCF,MBT
PN,ANROKLAHOMA_MOAB,MBT
PN,ANROKLAHOMACF,MBT
PN,RELIANTEAST_MOAB,MBT
PN,RELIANTEASTCF,MBT
PN,ONEOKGASTRANS_MOAB,MBT
PN,ONEOKGASTRANSCF,MBT
PN,PANHANDLEEAST_MOAB,MBT
PN,WILLIAMS_MOAB,MBT
PN,WILLIAMSCF,MBT
PN,ELPASOBONDADCF,MBT
PN,ELPASOSANJUAN_MOAB,MBT
PN,ELPASOSANJUANBCF,MBT
PN,KERNRIVEROPAL_MOAB,MBT
PN,KERNRIVEROPALCF,MBT
PN,NWSTANFIELDCF,MBT
PN,QUESTARCF,MBT
PN,CHEYENNEHUB_MOAB,MBT
PN,CHEYENNEHUBCF,MBT
PN,NWROCKY MTNSCF,MBT
PN,NWSGRNRVRCF,MBT
PN,IROQUOIS_MOAB,MBT
PN,IROQUOISCF,MBT
PN,NIAGARANFGTEN_MOAB,MBT
PN,NIAGARANFGTENNCF,MBT
PN,NWCANADIANBDR_MOAB,MBT
PN,NWCANADIANBDRSCF,MBT
PN,NOVAAECOCNIT_MOAB,GV
PN,NOVAAECOCNITCF,GV
PN,EMERSONVK_MOAB,MBT
PN,EMERSONVKCF,MBT
PN,DAWNONTARIO_MOAB,MBT
PN,DAWNONTARIOCF,MBT
PN,GTNWKINGSGATECF,MBT
PN,WESTCOASTST2_MOAB,GV
PN,WESTCOASTST2CF,GV
PN,DOMINIONNORTHCF,MBT
PN,DOMINIONSOUTH_MOAB,MBT
PN,DOMINIONSOUTHPCF,MBT
PN,LEIDYHUB_MOAB,MBT
PN,LEIDYHUBCF,MBT
PN,COLUMBIAAPPLC_MOAB,MBT
PN,COLUMBIAAPPLCHCF,MBT
PN,ALGONQUINCF,MBT
PN,SOCALGASLGPKG_MOAB,MBT
PN,SOCALGASLGPKGCF,MBT
PN,PGESOUTH_MOAB,MBT
PN,PGESOUTHCF,MBT
PN,MALININTOPGE_MOAB,MBT
PN,MALININTOPGECF,MBT
PN,ALLIANCEINTSCF,MBT
PN,ANRML7ENTZONE_MOAB,MBT
PN,ANRML7ENTZONECF,MBT
PN,NGPLAMARCPTCF,MBT
PN,NORTHVENTURA_MOAB,MBT
PN,NORTHVENTURACF,MBT
PN,NORTHDEMARCA_MOAB,MBT
PN,NORTHDEMARCACF,MBT
PN,DRACUTINTOTNCF,MBT
PN,CHICAGOLDCSEU_MOAB,MBT
PN,CHICAGOLDCSEUCF,MBT
PN,MICHCONSMR_MOAB,MBT
PN,MICHCONSMRCF,MBT
PN,MICHMICHCON_MOAB,MBT
PN,MICHMICHCONCF,MBT
PN,PGECITYGATE_MOAB,MBT
PN,PGECITYGATECF,MBT
PN,ALGNQNCITYGT_MOAB,MBT
PN,ALGNQNCITYGTCF,MBT
PN,TENNESSEEZ6DL_MOAB,MBT
PN,TENNESSEEZ6DLVCF,MBT
PN,IROQUOISZ2_MOAB,MBT
PN,IROQUOISZ2CF,MBT
PN,TEXASEASTM3_MOAB,MBT
PN,TEXASEASTM3CF,MBT
PN,TRANSCOZ6NONY_MOAB,MBT
PN,TRANSCOZ6NONNYCF,MBT
PN,TRANSCOZ6NY_MOAB,MBT
PN,TRANSCOZ6NYCF,MBT
PN,TRANSCOZ5D_MOAB,MBT
PN,TRANSCOZ5CF,MBT
PN,KERNRIVERCF,MBT
PN,TXEASTERNM1CF,MBT
PN,CHICAGONICOR_MOAB,MBT
PN,CHICAGONICORCF,MBT
PN,LEBANONHUBOH_MOAB,MBT
PN,LEBANONHUBOHCF,MBT
PN,TENNESSEEZ430_MOAB,MBT
PN,TENNESSEEZ430CF,MBT
PN,ELPASOSMAINCF,MBT
PN,CHICAGONIPSCO_MOAB,MBT
PN,CHICAGONIPSCOCF,MBT
PN,SOCALGASCG_MOAB,MBT
PN,SOCALGASCGCF,MBT
PN,NOBORDERVTP_MOAB,MBT
PN,NOBORDERVTPCF,MBT
PN,TRANSWESTSJ_MOAB,MBT
PN,TRANSWESTSJCF,MBT
PN,WHITERIVERHUBCF,MBT
PN,REXCLARINGTONCF,MBT
PN,CHICAGOPEOPLE_MOAB,MBT
PN,CHICAGOPEOPLECF,MBT
PN,TENNESSEEZ4OHCF,MBT
PN,TRANSCOLELIRE_MOAB,MBT
PN,TRANSCOLELIRECF,MBT
PN,MILLENNIUMERE_MOAB,MBT
PN,MILLENNIUMERECF,MBT
PN,TENNESSEEGPZ6CF,MBT
PN,TENNESSEEGPG4_MOAB,MBT
PN,TENNESSEEGPG4CF,MBT
PN,TRANSCOZ6NNYN_MOAB,MBT
PN,TRANSCOZ6NNYNCF,MBT
PN,TRANSCOZ6NNYS_MOAB,MBT
PN,TRANSCOZ6NNYSCF,MBT
PN,COLUMBIAGASAP_MOAB,MBT
PN,COLUMBIAGASAPCF,MBT
PN,REXZONE3D_MOAB,MBT
PN,REXZONE3DCF,MBT
PN,ELPASOWESTTXCF,MBT
PN,NORTHWESTROCKCF,BMT
PN,PANHANDLEEASTCF,MBT
PN,TENNESSEEZ431_MOAB,MBT
PN,TENNESSEEZ431CF,MBT
PN,TRANSCOZ5NCF,MBT
PN,TRANSCOZ5S_MOAB,MBT
PN,TRANSCOZ5SCF,MBT
PN,ICENWWY_MOAB,MBT
