VENDOR_CODE,QUOTE_SOURCE,QUOTE_NUMBER,VENDOR_DESCRIPTION
IGBAD03,PN,TEXASINTWAHA_MOAB,Waha Mo
IGBAD21,PN,TEXASINTWAHACF,Waha FDt Com
IGBAF21,PN,CARTHAGEHUBCF,Carthage Hub FDt Com
IGBAN03,PN,TEXASEASTETX_MOAB,TX Eastern E TX Mo
IGBAN21,PN,TEXASEASTETXCF,TX Eastern E TX FDt Com
IGBAQ03,PN,KATYPLANTTG_MOAB,Katy Mo
IGBAQ21,PN,KATYPLANTTGCF,Katy FDt Com
IGBAV21,PN,AGUADHUBCF,Agua Dulce Hub FDt Com
IGBAW03,PN,FLORIDAGASZ1_MOAB,FL Gas Zn1 Mo
IGBAW21,PN,FLORIDAGASZ1CF,FL Gas Zn1 FDt Com
IGBAZ03,PN,NGPLSTX_MOAB,NGPL S TX Mo
IGBAZ21,PN,NGPLSTXCF,NGPL S TX FDt Com
IGBBA03,PN,TENNESSEEZ0_MOAB,Tenn Zn0 Mo
IGBBA21,PN,TEXASEASTSTX,Tenn Zn0 FDt Com
IGBBB03,PN,TEXASEASTSTX_MOAB,TX Eastern S TX Mo
IGBBB21,PN,TEXASEASTSTXCF,TX Eastern S TX FDt Com
IGBBC03,PN,TRANSCOZ1_MOAB,Transco Zn1 Mo
IGBBC21,PN,TRANSCOZ1CF,Transco Zn1 FDt Com
IGBBF03,PN,ANRLOUISIANA_MOAB,ANR LA Mo
IGBBF21,PN,ANRLOUISIANACF,ANR LA FDt Com
IGBBG03,PN,COLUMBIAGULF_MOAB,Col Gulf LA Mo
IGBBG21,PN,COLUMBIAGULFCF,Col Gulf LA FDt Com
IGBBJ03,PN,FLORIDAGASZ2_MOAB,FL Gas Zn2 Mo
IGBBJ21,PN,FLORIDAGASZ2CF,FL Gas Zn2 FDt Com
IGBBO03,PN,SOUTHNATURAL_MOAB,SoNat LA Mo
IGBBO21,PN,SOUTHNATURALCF,SoNat LA FDt Com
IGBBP03,PN,TENNESSEE500L_MOAB,Tenn LA 500 Leg Mo
IGBBP21,PN,TENNESSEE500LECF,Tenn LA 500 Leg FDt Com
IGBBQ03,PN,TENNESSEE800L_MOAB,Tenn LA 800 Leg Mo
IGBBQ21,PN,TENNESSEE800LECF,Tenn LA 800 Leg FDt Com
IGBBR03,PN,TEXASEASTWLA_MOAB,TX Eastern W LA Mo
IGBBR21,PN,TEXASEASTWLACF,TX Eastern W LA FDt Com
IGBBT03,PN,TEXASGASSL_MOAB,Texas Gas Zn SL Mo
IGBBT21,PN,TEXASGASSLCF,Texas Gas Zn SL FDt Com
IGBBU03,PN,TRANSCOZ2_MOAB,Transco Zn2 Mo
IGBBU21,PN,TRANSCOZ2CF,Transco Zn2 FDt Com
IGBBV03,PN,TRANSCOZ3_MOAB,Transco Zn3 Mo
IGBBV21,PN,TRANSCOZ3CF,Transco Zn3 FDt Com
IGBBW21,PN,TRNKLNEWLACF,Trunkline W LA FDt Com
IGBBX21,PN,TRNKLNEELACF,Trunkline E LA FDt Com
IGBBZ03,PN,NGPLMIDCONT_MOAB,NGPL Midcont Mo
IGBBZ21,PN,NGPLMIDCONTCF,NGPL Midcont FDt Com
IGBCK03,PN,CIGNSYSTEM_MOAB,CIG Rocky Mtns Mo
IGBCK21,PN,CIGNSYSTEMCF,CIG Rocky Mtns FDt Com
IGBDI03,PN,TEXASEASTM1KO_MOAB,TX Eastern M-1 30in Mo
IGBDI21,PN,TEXASEASTM1KOSICF,TX Eastern M-1 30-in (Kosi) FDt Com
IGBED21,PN,FLORIDACGCF,Florida CG FDt Com
IGBER03,PN,TRNKLNELOUI_MOAB,Trunkline LA Mo
IGBGF03,PN,TRUCKLNZN1A_MOAB,Trunkline Zn 1A Mo
IGBGF21,PN,TRUCKLNZN1ACF,Trunkline Zn 1A FDt Com
IGBHI21,PN,TENNESSEEZ1CF,Tennessee Zone 1 FDt Com
IGBJE03,PN,TEXASEASTZM2_MOAB,Texas Eastern zone M-2 receipts Mo
IGBJE21,PN,TEXASEASTZM2CF,Texas Eastern zone M-2 receipts FDt Com
IGBRU03,PN,PINEPRAIRIE_MOAB,Pine Prairie Hub Mo
IGBRU21,PN,PINEPRAIRIECF,Pine Prairie Hub FDt Com
IGBAA03,PN,NANATL_MOCO,North Amer Natl Avg Mo
IGBAB03,PN,ELPASOPERMIAN_MOAB,Pine Prairie Hub FDt Com
IGBAB21,PN,ELPASOPERMIANCF,El Paso Permian FDt Com
IGBAE03,PN,TRANSWPERMIAN_MOAB,Transwestn Perm Mo
IGBAE21,PN,TRANSWPERMIANCF,Transwestn Perm FDt Com
IGBBY03,PN,ANROKLAHOMA_MOAB,ANR OK Mo
IGBBY21,PN,ANROKLAHOMACF,ANR OK FDt Com
IGBCA03,PN,RELIANTEAST_MOAB,Enable Gas Transmission Mo
IGBCA21,PN,RELIANTEASTCF,Enable Gas Transmission FDt Com
IGBCD03,PN,ONEOKGASTRANS_MOAB,Oneok OK Mo
IGBCD21,PN,ONEOKGASTRANSCF,Oneok OK FDt Com
IGBCE03,PN,PANHANDLEEAST_MOAB,Panhandle TX-OK Mo
IGBCF03,PN,WILLIAMS_MOAB,Sth Star TxOkKs Mo
IGBCF21,PN,WILLIAMSCF,Sth Star TxOkKs FDt Com
IGBCG21,PN,ELPASOBONDADCF,El Paso Bondad FDt Com
IGBCH03,PN,ELPASOSANJUAN_MOAB,El Paso SanJuan Mo
IGBCH21,PN,ELPASOSANJUANBCF,El Paso SanJuan FDt Com
IGBCL03,PN,KERNRIVEROPAL_MOAB,Kern Rvr Opal Mo
IGBCL21,PN,KERNRIVEROPALCF,Kern Rvr Opal FDt Com
IGBCM21,PN,NWSTANFIELDCF,Stanfield OR FDt Com
IGBCN21,PN,QUESTARCF,Questar Rky Mtn FDt Com
IGBCO03,PN,CHEYENNEHUB_MOAB,Cheyenne Hub Mo
IGBCO21,PN,CHEYENNEHUBCF,Cheyenne Hub FDt Com
IGBCP21,PN,NWROCKY MTNSCF,NW WY Pool/Rky FDt Com
IGBCQ21,PN,NWSGRNRVRCF,NW S of Grn Rvr FDt Com
IGBCR03,PN,IROQUOIS_MOAB,Iroquois Recpts Mo
IGBCR21,PN,IROQUOISCF,Iroquois Recpts FDt Com
IGBCS03,PN,NIAGARANFGTEN_MOAB,Niagara Mo
IGBCS21,PN,NIAGARANFGTENNCF,Niagara FDt Com
IGBCT03,PN,NWCANADIANBDR_MOAB,NW Can Bd Sumas Mo
IGBCT21,PN,NWCANADIANBDRSCF,NW Can Bd Sumas FDt Com
IGBCU03,PN,NOVAAECOCNIT_MOAB,TC Alb AECO-C Mo
IGBCU21,PN,NOVAAECOCNITCF,TC Alb AECO-C FDt Com
IGBCW03,PN,EMERSONVK_MOAB,Emerson Viking Mo
IGBCW21,PN,EMERSONVKCF,Emerson Viking FDt Com
IGBCX03,PN,DAWNONTARIO_MOAB,Dawn Ontario Mo
IGBCX21,PN,DAWNONTARIOCF,Dawn Ontario FDt Com
IGBCY21,PN,GTNWKINGSGATECF,GTNW Kingsgate FDt Com
IGBCZ03,PN,WESTCOASTST2_MOAB,Westcoast Station 2 BidWeek Delivered-to-Pipeline Prices Volume
IGBCZ21,PN,WESTCOASTST2CF,Westcoast Stn 2 FDt Com
IGBDB21,PN,DOMINIONNORTHCF,Dominion N Pt FDt Com
IGBDC03,PN,DOMINIONSOUTH_MOAB,Dominion S Pt Mo
IGBDC21,PN,DOMINIONSOUTHPCF,Dominion S Pt FDt Com
IGBDD03,PN,LEIDYHUB_MOAB,Leidy Hub Mo
IGBDD21,PN,LEIDYHUBCF,Leidy Hub FDt Com
IGBDE03,PN,COLUMBIAAPPLC_MOAB,Col Gas Appal Mo
IGBDE21,PN,COLUMBIAAPPLCHCF,Col Gas Appal FDt Com
IGBDK21,PN,ALGONQUINCF,Algonquin Rcpts FDt Com
IGBDL03,PN,SOCALGASLGPKG_MOAB,SoCal Gas Mo
IGBDL21,PN,SOCALGASLGPKGCF,SoCal Gas FDt Com
IGBDM03,PN,PGESOUTH_MOAB,PG&E South Pk Mo
IGBDM21,PN,PGESOUTHCF,PG&E South FDt Com
IGBDO03,PN,MALININTOPGE_MOAB,PG&E Malin Mo
IGBDO21,PN,MALININTOPGECF,PG&E Malin FDt Com
IGBDP21,PN,ALLIANCEINTSCF,Alliance Interstates FDt Com
IGBDQ03,PN,ANRML7ENTZONE_MOAB,ANR ML 7 Mo
IGBDQ21,PN,ANRML7ENTZONECF,ANR ML 7 FDt Com
IGBDR21,PN,NGPLAMARCPTCF,NGPL Amarillo Rcpt FDt Com
IGBDU03,PN,NORTHVENTURA_MOAB,Nrthrn Ventura Mo
IGBDU21,PN,NORTHVENTURACF,Nrthrn Ventura FDt Com
IGBDV03,PN,NORTHDEMARCA_MOAB,Northern Demarc Mo
IGBDV21,PN,NORTHDEMARCACF,Northern Demarc FDt Com
IGBDW21,PN,DRACUTINTOTNCF,Dracut MA FDt Com
IGBDX03,PN,CHICAGOLDCSEU_MOAB,Chicago CG Mo
IGBDX21,PN,CHICAGOLDCSEUCF,Chicago CG FDt Com
IGBDY03,PN,MICHCONSMR_MOAB,Cons Energy CG Mo
IGBDY21,PN,MICHCONSMRCF,Cons Energy CG FDt Com
IGBDZ03,PN,MICHMICHCON_MOAB,Mich Con CG Mo
IGBDZ21,PN,MICHMICHCONCF,Mich Con CG FDt Com
IGBEB03,PN,PGECITYGATE_MOAB,PG&E CG Mo
IGBEB21,PN,PGECITYGATECF,PG&E CG FDt Com
IGBEE03,PN,ALGNQNCITYGT_MOAB,Algonquin CG Mo
IGBEE21,PN,ALGNQNCITYGTCF,Algonquin CG FDt Com
IGBEI03,PN,TENNESSEEZ6DL_MOAB,Tenn Zn6 Dlvd Mo
IGBEI21,PN,TENNESSEEZ6DLVCF,Tenn Zn6 Dlvd FDt Com
IGBEJ03,PN,IROQUOISZ2_MOAB,Iroquois Zn2 Mo
IGBEJ21,PN,IROQUOISZ2CF,Iroquois Zn2 FDt Com
IGBEK03,PN,TEXASEASTM3_MOAB,TX Eastern M-3 Mo
IGBEK21,PN,TEXASEASTM3CF,TX Eastern M-3 FDt Com
IGBEL03,PN,TRANSCOZ6NONY_MOAB,Transco Zn6 non-N.Y. Mo
IGBEL21,PN,TRANSCOZ6NONNYCF,Transco Zn6 non-N.Y. FDt Com
IGBEM03,PN,TRANSCOZ6NY_MOAB,Transco Zn6 NY Mo
IGBEM21,PN,TRANSCOZ6NYCF,Transco Zn6 NY FDt Com
IGBEN03,PN,TRANSCOZ5D_MOAB,Transco Zone 5 delivered Mo
IGBEN21,PN,TRANSCOZ5CF,Transco Zn5 Dlv FDt Com
IGBES21,PN,KERNRIVERCF,Kern River Dlvd FDt Com
IGBET21,PN,TXEASTERNM1CF,TX Eastern M-1 24-in FDt Com
IGBEX03,PN,CHICAGONICOR_MOAB,Chicago Nicor Mo
IGBEX21,PN,CHICAGONICORCF,Chicago Nicor FDt Com
IGBFJ03,PN,LEBANONHUBOH_MOAB,Lebanon Hub-Ohio Mo
IGBFJ21,PN,LEBANONHUBOHCF,Lebanon Hub-Ohio FDt Com
IGBFL03,PN,TENNESSEEZ430_MOAB,Tennessee zone 4-300 leg Mo
IGBFL21,PN,TENNESSEEZ430CF,Tennessee zone 4-300 leg FDt Com
IGBFR21,PN,ELPASOSMAINCF,El Paso S Mainline FDt Com
IGBFX03,PN,CHICAGONIPSCO_MOAB,Chicago NIPSCO Mo
IGBFX21,PN,CHICAGONIPSCOCF,Chicago NIPSCO FDt Com
IGBGG03,PN,SOCALGASCG_MOAB,SoCal Gas CG Mo
IGBGG21,PN,SOCALGASCGCF,SoCal Gas CG FDt Com
IGBGH03,PN,NOBORDERVTP_MOAB,No Border VentTP Mo
IGBGH21,PN,NOBORDERVTPCF,No Border VentTP FDt Com
IGBGK03,PN,TRANSWESTSJ_MOAB,Transwestern-SJ Mo
IGBGK21,PN,TRANSWESTSJCF,Transwestern-SJ FDt Com
IGBGL21,PN,WHITERIVERHUBCF,White River Hub FDt Com
IGBGO21,PN,REXCLARINGTONCF,REX Clarington FDt Com
IGBGX03,PN,CHICAGOPEOPLE_MOAB,Chicago Peoples Mo
IGBGX21,PN,CHICAGOPEOPLECF,Chicago Peoples FDt Com
IGBHO21,PN,TENNESSEEZ4OHCF,Tennessee Zn4-OH FDt Com
IGBIS03,PN,TRANSCOLELIRE_MOAB,Transco Leidy Line receipts Mo
IGBIS21,PN,TRANSCOLELIRECF,Transco Leidy Line receipts FDt Com
IGBIW03,PN,MILLENNIUMERE_MOAB,Millennium East receipts Mo
IGBIW21,PN,MILLENNIUMERECF,Millennium East receipts FDt Com
IGBJC21,PN,TENNESSEEGPZ6CF,Tennessee Gas Pipeline Zone 6-300 leg Delivered FlowDate Common Range MidPoint Volume
IGBJN03,PN,TENNESSEEGPG4_MOAB,Tennessee Gas Pipeline Zone 4-200 leg Mo
IGBJN21,PN,TENNESSEEGPG4CF,Tennessee Gas Pipeline Zone 4-200 leg FDt Com
IGBJS03,PN,TRANSCOZ6NNYN_MOAB,Transco Zone 6 Non-NY North Mo
IGBJS21,PN,TRANSCOZ6NNYNCF,Transco Zone 6 Non-NY North FDt Com
IGBJT03,PN,TRANSCOZ6NNYS_MOAB,Transco Zone 6 Non-NY South Mo
IGBJT21,PN,TRANSCOZ6NNYSCF,Transco Zone 6 Non-NY South FDt Com
IGBJU03,PN,COLUMBIAGASAP_MOAB,Columbia Gas Appalachia (Non-IPP Pool) Mo
IGBJU21,PN,COLUMBIAGASAPCF,Columbia Gas Appalachia (Non-IPP Pool) FDt Com
IGBRO03,PN,REXZONE3D_MOAB,REX Zone 3 delivered Mo
IGBRO21,PN,REXZONE3DCF,REX Zone 3 delivered FDt Com
IGBRT21,PN,ELPASOWESTTXCF,El Paso West Texas FDt Com
IGBRW21,PN,NORTHWESTROCKCF,Northwest Rocky Mountain Pool FDt Com
IGBCE21,PN,PANHANDLEEASTCF,Panhandle TX-OK FDt Com
IGCFL03,PN,TENNESSEEZ431_MOAB,Tennessee Zone 4-313 Pool Mo
IGCFL21,PN,TENNESSEEZ431CF,Tennessee Zone 4-313 Pool FDt Com
IGCGL21,PN,TRANSCOZ5NCF,Transco Zone 5 North FDt Com
IGCHL03,PN,TRANSCOZ5S_MOAB,Transco Zone 5 South Mo
IGCHL21,PN,TRANSCOZ5SCF,Transco Zone 5 South FDt Com
JAAFS03,PN,ICENWWY_MOAB,ICE Northwest Wyoming Pool Mo
