QUOTE_SOURCE,QUOTE_NUMBER,CURRENCY
PN,TEXASINTWAHA_MOAB,USD
PN,TEXASINTWAHACF,USD
PN,CARTHAGEHUBCF,USD
PN,TEXASEASTETX_MOAB,USD
PN,TEXASEASTETXCF,USD
PN,KATYPLANTTG_MOAB,USD
PN,KATYPLANTTGCF,USD
PN,AGUADHUBCF,USD
PN,FLORIDAGASZ1_MOAB,USD
PN,FLORIDAGASZ1CF,USD
PN,NGPLSTX_MOAB,USD
PN,NGPLSTXCF,USD
PN,TENNESSEEZ0_MOAB,USD
PN,TEXASEASTSTX,USD
PN,TEXASEASTSTX_MOAB,USD
PN,TEXASEASTSTXCF,USD
PN,TRANSCOZ1_MOAB,USD
PN,TRANSCOZ1CF,USD
PN,ANRLOUISIANA_MOAB,USD
PN,ANRLOUISIANACF,USD
PN,COLUMBIAGULF_MOAB,USD
PN,COLUMBIAGULFCF,USD
PN,FLORIDAGASZ2_MOAB,USD
PN,FLORIDAGASZ2CF,USD
PN,SOUTHNATURAL_MOAB,USD
PN,SOUTHNATURALCF,USD
PN,TENNESSEE500L_MOAB,USD
PN,TENNESSEE500LECF,USD
PN,TENNESSEE800L_MOAB,USD
PN,TENNESSEE800LECF,USD
PN,TEXASEASTWLA_MOAB,USD
PN,TEXASEASTWLACF,USD
PN,TEXASGASSL_MOAB,USD
PN,TEXASGASSLCF,USD
PN,TRANSCOZ2_MOAB,USD
PN,TRANSCOZ2CF,USD
PN,TRANSCOZ3_MOAB,USD
PN,TRANSCOZ3CF,USD
PN,TRNKLNEWLACF,USD
PN,TRNKLNEELACF,USD
PN,NGPLMIDCONT_MOAB,USD
PN,NGPLMIDCONTCF,USD
PN,CIGNSYSTEM_MOAB,USD
PN,CIGNSYSTEMCF,USD
PN,TEXASEASTM1KO_MOAB,USD
PN,TEXASEASTM1KOSICF,USD
PN,FLORIDACGCF,USD
PN,TRNKLNELOUI_MOAB,USD
PN,TRUCKLNZN1A_MOAB,USD
PN,TRUCKLNZN1ACF,USD
PN,TENNESSEEZ1CF,USD
PN,TEXASEASTZM2_MOAB,USD
PN,TEXASEASTZM2CF,USD
PN,PINEPRAIRIE_MOAB,USD
PN,PINEPRAIRIECF,USD
PN,NANATL_MOCO,USD
PN,ELPASOPERMIAN_MOAB,USD
PN,ELPASOPERMIANCF,USD
PN,TRANSWPERMIAN_MOAB,USD
PN,TRANSWPERMIANCF,USD
PN,ANROKLAHOMA_MOAB,USD
PN,ANROKLAHOMACF,USD
PN,RELIANTEAST_MOAB,USD
PN,RELIANTEASTCF,USD
PN,ONEOKGASTRANS_MOAB,USD
PN,ONEOKGASTRANSCF,USD
PN,PANHANDLEEAST_MOAB,USD
PN,WILLIAMS_MOAB,USD
PN,WILLIAMSCF,USD
PN,ELPASOBONDADCF,USD
PN,ELPASOSANJUAN_MOAB,USD
PN,ELPASOSANJUANBCF,USD
PN,KERNRIVEROPAL_MOAB,USD
PN,KERNRIVEROPALCF,USD
PN,NWSTANFIELDCF,USD
PN,QUESTARCF,USD
PN,CHEYENNEHUB_MOAB,USD
PN,CHEYENNEHUBCF,USD
PN,NWROCKY MTNSCF,USD
PN,NWSGRNRVRCF,USD
PN,IROQUOIS_MOAB,USD
PN,IROQUOISCF,USD
PN,NIAGARANFGTEN_MOAB,USD
PN,NIAGARANFGTENNCF,USD
PN,NWCANADIANBDR_MOAB,USD
PN,NWCANADIANBDRSCF,USD
PN,NOVAAECOCNIT_MOAB,USD
PN,NOVAAECOCNITCF,USD
PN,EMERSONVK_MOAB,USD
PN,EMERSONVKCF,USD
PN,DAWNONTARIO_MOAB,USD
PN,DAWNONTARIOCF,USD
PN,GTNWKINGSGATECF,USD
PN,WESTCOASTST2_MOAB,USD
PN,WESTCOASTST2CF,USD
PN,DOMINIONNORTHCF,USD
PN,DOMINIONSOUTH_MOAB,USD
PN,DOMINIONSOUTHPCF,USD
PN,LEIDYHUB_MOAB,USD
PN,LEIDYHUBCF,USD
PN,COLUMBIAAPPLC_MOAB,USD
PN,COLUMBIAAPPLCHCF,USD
PN,ALGONQUINCF,USD
PN,SOCALGASLGPKG_MOAB,USD
PN,SOCALGASLGPKGCF,USD
PN,PGESOUTH_MOAB,USD
PN,PGESOUTHCF,USD
PN,MALININTOPGE_MOAB,USD
PN,MALININTOPGECF,USD
PN,ALLIANCEINTSCF,USD
PN,ANRML7ENTZONE_MOAB,USD
PN,ANRML7ENTZONECF,USD
PN,NGPLAMARCPTCF,USD
PN,NORTHVENTURA_MOAB,USD
PN,NORTHVENTURACF,USD
PN,NORTHDEMARCA_MOAB,USD
PN,NORTHDEMARCACF,USD
PN,DRACUTINTOTNCF,USD
PN,CHICAGOLDCSEU_MOAB,USD
PN,CHICAGOLDCSEUCF,USD
PN,MICHCONSMR_MOAB,USD
PN,MICHCONSMRCF,USD
PN,MICHMICHCON_MOAB,USD
PN,MICHMICHCONCF,USD
PN,PGECITYGATE_MOAB,USD
PN,PGECITYGATECF,USD
PN,ALGNQNCITYGT_MOAB,USD
PN,ALGNQNCITYGTCF,USD
PN,TENNESSEEZ6DL_MOAB,USD
PN,TENNESSEEZ6DLVCF,USD
PN,IROQUOISZ2_MOAB,USD
PN,IROQUOISZ2CF,USD
PN,TEXASEASTM3_MOAB,USD
PN,TEXASEASTM3CF,USD
PN,TRANSCOZ6NONY_MOAB,USD
PN,TRANSCOZ6NONNYCF,USD
PN,TRANSCOZ6NY_MOAB,USD
PN,TRANSCOZ6NYCF,USD
PN,TRANSCOZ5D_MOAB,USD
PN,TRANSCOZ5CF,USD
PN,KERNRIVERCF,USD
PN,TXEASTERNM1CF,USD
PN,CHICAGONICOR_MOAB,USD
PN,CHICAGONICORCF,USD
PN,LEBANONHUBOH_MOAB,USD
PN,LEBANONHUBOHCF,USD
PN,TENNESSEEZ430_MOAB,USD
PN,TENNESSEEZ430CF,USD
PN,ELPASOSMAINCF,USD
PN,CHICAGONIPSCO_MOAB,USD
PN,CHICAGONIPSCOCF,USD
PN,SOCALGASCG_MOAB,USD
PN,SOCALGASCGCF,USD
PN,NOBORDERVTP_MOAB,USD
PN,NOBORDERVTPCF,USD
PN,TRANSWESTSJ_MOAB,USD
PN,TRANSWESTSJCF,USD
PN,WHITERIVERHUBCF,USD
PN,REXCLARINGTONCF,USD
PN,CHICAGOPEOPLE_MOAB,USD
PN,CHICAGOPEOPLECF,USD
PN,TENNESSEEZ4OHCF,USD
PN,TRANSCOLELIRE_MOAB,USD
PN,TRANSCOLELIRECF,USD
PN,MILLENNIUMERE_MOAB,USD
PN,MILLENNIUMERECF,USD
PN,TENNESSEEGPZ6CF,USD
PN,TENNESSEEGPG4_MOAB,USD
PN,TENNESSEEGPG4CF,USD
PN,TRANSCOZ6NNYN_MOAB,USD
PN,TRANSCOZ6NNYNCF,USD
PN,TRANSCOZ6NNYS_MOAB,USD
PN,TRANSCOZ6NNYSCF,USD
PN,COLUMBIAGASAP_MOAB,USD
PN,COLUMBIAGASAPCF,USD
PN,REXZONE3D_MOAB,USD
PN,REXZONE3DCF,USD
PN,ELPASOWESTTXCF,USD
PN,NORTHWESTROCKCF,USD
PN,PANHANDLEEASTCF,USD
PN,TENNESSEEZ431_MOAB,USD
PN,TENNESSEEZ431CF,USD
PN,TRANSCOZ5NCF,USD
PN,TRANSCOZ5S_MOAB,USD
PN,TRANSCOZ5SCF,USD
PN,ICENWWY_MOAB,USD
